sequence,method,avg_ransac_inliers,avg_matching_score,avg_reprojection_error_px,avg_joint_confidence_score
i_ajuntament,CLAHE + SIFT + RANSAC,108.6,0.38139161476828753,0.8980816721916198,63.03055746196888
i_ajuntament,SIFT + RANSAC (no CLAHE),66.0,0.32415308333281123,0.5729548998177052,41.10579322707804
v_bark,CLAHE + SIFT + RANSAC,812.0,0.9742361978765797,0.3282122015953064,598.6399396809869
v_bark,SIFT + RANSAC (no CLAHE),489.4,0.9799285322303988,0.29856342524290086,379.7749015084161
